<?xml version="1.0" encoding="utf-8"?>
<eml:eml xmlns:eml="eml://ecoinformatics.org/eml-2.1.1" xmlns:xsi="http://www.w3.org/2001/XMLSchema-instance"
         xsi:schemaLocation="eml://ecoinformatics.org/eml-2.1.1 http://rs.gbif.org/schema/eml-gbif-profile/1.1/eml.xsd"
        packageId="9aa6637a-237d-4d00-9ade-4d55117e131f"  system="http://gbif.org" scope="system"
  xml:lang="en">

<dataset>
      <alternateIdentifier>10.15468/9yvdpa</alternateIdentifier>
        <alternateIdentifier>http://science-net.kahaku.go.jp/ipt2/resource?r=snet-1054-112</alternateIdentifier>
        <alternateIdentifier>9aa6637a-237d-4d00-9ade-4d55117e131f</alternateIdentifier>
        <alternateIdentifier>http://gbif.science-net.kahaku.go.jp:8081/ipt2/resource?r=snet-1054-112</alternateIdentifier>
    <title>Algae specimens of Kanagawa Prefectural Museum of Natural History</title>
    <creator>
    <individualName>
<givenName>Kyohei</givenName>          <surName>Watanabe</surName>
    </individualName>
<organizationName>Kanagawa Prefectural Museum of Natural History</organizationName><positionName>Curator of Zoology Group</positionName>    <address>
<country>JAPAN</country>    </address>
<electronicMailAddress>watanabe-k@nh.kanagawa-museum.jp</electronicMailAddress>    </creator>
    <metadataProvider>
    <individualName>
<givenName>Norihisa</givenName>          <surName>Tanaka</surName>
    </individualName>
<organizationName>Kanagawa Prefectural Museum of Natural History</organizationName><positionName>Curator of Botany Group</positionName>    <address>
<country>JAPAN</country>    </address>
<electronicMailAddress>tanaka@nh.kanagawa-museum.jp</electronicMailAddress>    </metadataProvider>
      <pubDate>
      2019-07-05
      </pubDate>
    <language>ENGLISH</language>
    <abstract>
        <para>Algae specimens deposited in Kanagawa Prefectural Museum of Natural History</para>
    </abstract>
        <keywordSet>
              <keyword>Occurrence</keyword>
              <keywordThesaurus>GBIF Dataset Type Vocabulary: http://rs.gbif.org/vocabulary/gbif/dataset_type.xml</keywordThesaurus>
        </keywordSet>
      <intellectualRights>
        <para>This work is licensed under a <ulink url="http://creativecommons.org/licenses/by/4.0/legalcode"><citetitle>Creative Commons Attribution (CC-BY) 4.0 License</citetitle></ulink>.</para>
      </intellectualRights>
      <maintenance>
          <description>
              <para></para>
          </description>
          <maintenanceUpdateFrequency>unkown</maintenanceUpdateFrequency>
      </maintenance>
      <contact>
    <individualName>
<givenName>Norihisa</givenName>          <surName>Tanaka</surName>
    </individualName>
<organizationName>Kanagawa Prefectural Museum of Natural History</organizationName><positionName>Curator of Botany Group</positionName>    <address>
<country>JAPAN</country>    </address>
<electronicMailAddress>tanaka@nh.kanagawa-museum.jp</electronicMailAddress><onlineUrl>http://nh.kanagawa-museum.jp/index_en.html</onlineUrl>      </contact>

</dataset>

<additionalMetadata>
    <metadata>
      <gbif>
        <dateStamp>2019-10-02T19:06:03Z</dateStamp>
      <citation>Watanabe K, Tanaka N (2019). Algae specimens of Kanagawa Prefectural Museum of Natural History. Version 1.1. National Museum of Nature and Science, Japan. Occurrence dataset https://doi.org/10.15468/9yvdpa accessed via GBIF.org on 2019-10-02.</citation>
        </gbif>
    </metadata>
</additionalMetadata>

</eml:eml>
